{"cameraMode":{"drawMode":0,"name":"Shaded","section":"Shading Mode"},"sceneLighting":true,"audioPlay":false,"sceneViewState":{"m_AlwaysRefresh":false,"showFog":true,"showSkybox":true,"showFlares":true,"showImageEffects":true,"showParticleSystems":true,"showVisualEffectGraphs":true,"m_FxEnabled":true},"in2DMode":false,"pivot":{"x":0.5030674934387207,"y":2.6738922595977785,"z":-2.572864055633545},"rotation":{"x":0.27026689052581789,"y":-0.5219302177429199,"z":0.17877434194087983,"w":0.789044201374054},"size":2.4073948860168459,"orthographic":false}